{
    "Profiles": [
        {
            "Guid": "09d0759c-6229-4342-a64c-55daa7ff44e1",
            "Use Non-ASCII Font": false,
            "Tags": [],
            "Ansi 12 Color": {
                "Green Component": 0.50962930917739868,
                "Blue Component": 0.51685798168182373,
                "Red Component": 0.44058024883270264
            },
            "Ansi 6 Color": {
                "Red Component": 0.15131364855915308,
                "Color Space": "sRGB",
                "Blue Component": 0.6122543253032936,
                "Alpha Component": 1,
                "Green Component": 0.64996337890625
            },
            "Draw Powerline Glyphs": true,
            "Bold Color": {
                "Green Component": 0.56485837697982788,
                "Blue Component": 0.56363654136657715,
                "Red Component": 0.50599193572998047
            },
            "Normal Font": "HackNerdFontCompleteM-Regular 13",
            "Link Color": {
                "Red Component": 0,
                "Color Space": "sRGB",
                "Blue Component": 0.73423302173614502,
                "Alpha Component": 1,
                "Green Component": 0.35916060209274292
            },
            "Ansi 0 Color": {
                "Green Component": 0.15575926005840302,
                "Blue Component": 0.19370138645172119,
                "Red Component": 0
            },
            "Rows": 50,
            "Default Bookmark": "No",
            "Guid": "B579B068-5DA9-44D9-889C-AF5D4EC82C9F",
            "Cursor Guide Color": {
                "Red Component": 0.70213186740875244,
                "Color Space": "sRGB",
                "Blue Component": 1,
                "Alpha Component": 0.25,
                "Green Component": 0.9268307089805603
            },
            "Non-ASCII Anti Aliased": true,
            "Use Bright Bold": false,
            "Ansi 10 Color": {
                "Green Component": 0.35665956139564514,
                "Blue Component": 0.38298487663269043,
                "Red Component": 0.27671992778778076
            },
            "Use Cursor Guide": false,
            "Ambiguous Double Width": false,
            "Jobs to Ignore": [
                "rlogin",
                "ssh",
                "slogin",
                "telnet"
            ],
            "Ansi 15 Color": {
                "Green Component": 0.95794391632080078,
                "Blue Component": 0.86405980587005615,
                "Red Component": 0.98943418264389038
            },
            "Foreground Color": {
                "Red Component": 0.54404627438634634,
                "Color Space": "sRGB",
                "Blue Component": 0.622222900390625,
                "Alpha Component": 1,
                "Green Component": 0.61398558852084495
            },
            "Working Directory": "\/Users\/shempel",
            "Blinking Cursor": true,
            "Disable Window Resizing": true,
            "Sync Title": false,
            "Prompt Before Closing 2": false,
            "BM Growl": true,
            "Command": "",
            "Description": "Default",
            "Mouse Reporting": true,
            "Screen": -2,
            "Selection Color": {
                "Red Component": 0.042558249086141586,
                "Color Space": "sRGB",
                "Blue Component": 0.52545166015625,
                "Alpha Component": 1,
                "Green Component": 0.32331024566346406
            },
            "Columns": 100,
            "Idle Code": 0,
            "Ansi 13 Color": {
                "Green Component": 0.33896297216415405,
                "Blue Component": 0.72908437252044678,
                "Red Component": 0.34798634052276611
            },
            "Title Components": 2,
            "Brighten Bold Text": false,
            "Custom Command": "No",
            "ASCII Anti Aliased": true,
            "Non Ascii Font": "Monaco 12",
            "Vertical Spacing": 1,
            "Use Bold Font": true,
            "Option Key Sends": 0,
            "Selected Text Color": {
                "Green Component": 0.56485837697982788,
                "Blue Component": 0.56363654136657715,
                "Red Component": 0.50599193572998047
            },
            "Background Color": {
                "Green Component": 0.11783610284328461,
                "Blue Component": 0.15170273184776306,
                "Red Component": 0
            },
            "Character Encoding": 4,
            "Ansi 11 Color": {
                "Green Component": 0.40717673301696777,
                "Blue Component": 0.43850564956665039,
                "Red Component": 0.32436618208885193
            },
            "Thin Strokes": 3,
            "Use Italic Font": true,
            "Unlimited Scrollback": true,
            "Keyboard Map": {
                "0xf700-0x260000": {
                    "Text": "[1;6A",
                    "Action": 10
                },
                "0x37-0x40000": {
                    "Text": "0x1f",
                    "Action": 11
                },
                "0x32-0x40000": {
                    "Text": "0x00",
                    "Action": 11
                },
                "0xf709-0x20000": {
                    "Text": "[17;2~",
                    "Action": 10
                },
                "0xf70c-0x20000": {
                    "Text": "[20;2~",
                    "Action": 10
                },
                "0xf729-0x20000": {
                    "Text": "[1;2H",
                    "Action": 10
                },
                "0xf72b-0x40000": {
                    "Text": "[1;5F",
                    "Action": 10
                },
                "0xf705-0x20000": {
                    "Text": "[1;2Q",
                    "Action": 10
                },
                "0xf703-0x260000": {
                    "Text": "[1;6C",
                    "Action": 10
                },
                "0xf700-0x220000": {
                    "Text": "[1;2A",
                    "Action": 10
                },
                "0xf701-0x280000": {
                    "Text": "0x1b 0x1b 0x5b 0x42",
                    "Action": 11
                },
                "0x38-0x40000": {
                    "Text": "0x7f",
                    "Action": 11
                },
                "0x33-0x40000": {
                    "Text": "0x1b",
                    "Action": 11
                },
                "0xf703-0x220000": {
                    "Text": "[1;2C",
                    "Action": 10
                },
                "0xf701-0x240000": {
                    "Text": "[1;5B",
                    "Action": 10
                },
                "0xf70d-0x20000": {
                    "Text": "[21;2~",
                    "Action": 10
                },
                "0xf702-0x260000": {
                    "Text": "[1;6D",
                    "Action": 10
                },
                "0xf729-0x40000": {
                    "Text": "[1;5H",
                    "Action": 10
                },
                "0xf706-0x20000": {
                    "Text": "[1;2R",
                    "Action": 10
                },
                "0x34-0x40000": {
                    "Text": "0x1c",
                    "Action": 11
                },
                "0xf700-0x280000": {
                    "Text": "0x1b 0x1b 0x5b 0x41",
                    "Action": 11
                },
                "0x2d-0x40000": {
                    "Text": "0x1f",
                    "Action": 11
                },
                "0xf70e-0x20000": {
                    "Text": "[23;2~",
                    "Action": 10
                },
                "0xf702-0x220000": {
                    "Text": "[1;2D",
                    "Action": 10
                },
                "0xf703-0x280000": {
                    "Text": "0x1b 0x1b 0x5b 0x43",